City of Publication,City of Origin,Weight,Years
New London,Amiens,1,1784
"Alexandria, VA",Amsterdam,1,1804
Baltimore,Amsterdam,2,1789
Boston,Amsterdam,7,1759
Boston,Amsterdam,5,1764
Boston,Amsterdam,4,1784
Boston,Amsterdam,4,1789
Boston,Amsterdam,1,1799
"Burlington, Vermont",Amsterdam,1,1784
Charleston,Amsterdam,4,1789
Charleston,Amsterdam,1,1804
Concord,Amsterdam,1,1799
District of Columbia,Amsterdam,1,1804
Hartford,Amsterdam,2,1799
Litchfield,Amsterdam,1,1799
Middletown,Amsterdam,1,1799
New Bedford,Amsterdam,1,1799
New London,Amsterdam,1,1764
New York City,Amsterdam,4,1759
New York City,Amsterdam,1,1764
New York City,Amsterdam,1,1789
New York City,Amsterdam,5,1804
Newport,Amsterdam,1,1764
Newport,Amsterdam,1,1784
Newport,Amsterdam,1,1799
"Norwich, CT",Amsterdam,1,1784
"Otsego, NY",Amsterdam,1,1799
Philadelphia,Amsterdam,3,1759
Philadelphia,Amsterdam,2,1784
Philadelphia,Amsterdam,2,1789
Philadelphia,Amsterdam,2,1799
"Portland, ME",Amsterdam,1,1799
"Portsmouth, NH",Amsterdam,1,1759
"Portsmouth, NH",Amsterdam,3,1789
"Portsmouth, NH",Amsterdam,2,1799
Providence,Amsterdam,1,1764
Providence,Amsterdam,1,1784
Providence,Amsterdam,1,1789
"Richmond, VA",Amsterdam,1,1804
"Rutland, Vermont",Amsterdam,1,1799
Salem,Amsterdam,1,1799
"Windham, MA",Amsterdam,2,1799
Baltimore,Antigua,1,1779
Baltimore,Antigua,1,1804
Boston,Antigua,5,1759
Boston,Antigua,2,1764
Boston,Antigua,3,1769
Boston,Antigua,6,1779
Boston,Antigua,11,1784
Boston,Antigua,2,1804
"Burlington, Vermont",Antigua,4,1784
Charleston,Antigua,1,1789
Charleston,Antigua,2,1799
District of Columbia,Antigua,4,1804
Harrisburg,Antigua,1,1804
Hartford,Antigua,1,1769
Hartford,Antigua,2,1784
New Haven,Antigua,3,1779
New Haven,Antigua,1,1784
New Haven,Antigua,1,1804
New London,Antigua,1,1764
New London,Antigua,1,1779
New London,Antigua,5,1784
New York City,Antigua,3,1759
New York City,Antigua,2,1764
New York City,Antigua,3,1769
New York City,Antigua,2,1779
New York City,Antigua,13,1784
New York City,Antigua,3,1789
New York City,Antigua,3,1794
New York City,Antigua,1,1799
New York City,Antigua,9,1804
Newport,Antigua,1,1764
Newport,Antigua,1,1769
Newport,Antigua,3,1784
"Norwich, CT",Antigua,1,1779
"Norwich, CT",Antigua,4,1784
"Norwich, CT",Antigua,1,1789
Philadelphia,Antigua,4,1759
Philadelphia,Antigua,1,1764
Philadelphia,Antigua,4,1784
Philadelphia,Antigua,4,1789
Philadelphia,Antigua,1,1799
Philadelphia,Antigua,2,1804
"Portsmouth, NH",Antigua,2,1779
"Portsmouth, NH",Antigua,2,1784
"Portsmouth, NH",Antigua,1,1789
Providence,Antigua,1,1769
Providence,Antigua,2,1779
Providence,Antigua,3,1784
Salem,Antigua,1,1784
Savannah,Antigua,1,1769
Williamsburg,Antigua,1,1779
"Alexandria, VA",Bahamas,1,1804
Baltimore,Bahamas,7,1789
Baltimore,Bahamas,1,1794
Baltimore,Bahamas,1,1804
Bennington,Bahamas,1,1789
Boston,Bahamas,3,1789
Carlisle,Bahamas,1,1789
Charleston,Bahamas,7,1789
Charleston,Bahamas,1,1794
Charleston,Bahamas,1,1799
Charleston,Bahamas,4,1804
District of Columbia,Bahamas,1,1804
Easton,Bahamas,2,1804
Hartford,Bahamas,1,1799
Hartford,Bahamas,1,1804
Litchfield,Bahamas,1,1789
New Haven,Bahamas,1,1789
New London,Bahamas,2,1789
New London,Bahamas,1,1804
New York City,Bahamas,1,1789
New York City,Bahamas,2,1794
New York City,Bahamas,6,1799
New York City,Bahamas,8,1804
Newburyport,Bahamas,1,1804
"Norwich, CT",Bahamas,1,1804
Philadelphia,Bahamas,6,1789
Philadelphia,Bahamas,4,1799
Philadelphia,Bahamas,3,1804
"Portland, ME",Bahamas,1,1804
"Portsmouth, NH",Bahamas,1,1789
"Portsmouth, NH",Bahamas,1,1804
Providence,Bahamas,1,1789
Providence,Bahamas,1,1794
Providence,Bahamas,1,1799
Providence,Bahamas,1,1804
Savannah,Bahamas,1,1799
"Windham, MA",Bahamas,1,1799
"Windham, MA",Bahamas,1,1804
"Worcester, MA",Bahamas,1,1799
"Albany, NY",Barbados,1,1804
"Alexandria, VA",Barbados,1,1804
Baltimore,Barbados,1,1784
Boston,Barbados,1,1759
Boston,Barbados,3,1764
Boston,Barbados,1,1769
Boston,Barbados,2,1784
Boston,Barbados,1,1789
Boston,Barbados,2,1799
Carlisle,Barbados,1,1804
"Greenfield, MA",Barbados,1,1804
Hartford,Barbados,3,1799
Litchfield,Barbados,1,1789
Litchfield,Barbados,1,1799
Middletown,Barbados,2,1799
New Haven,Barbados,1,1799
New Haven,Barbados,1,1804
New London,Barbados,1,1784
New London,Barbados,1,1799
New London,Barbados,1,1804
New York City,Barbados,3,1759
New York City,Barbados,1,1764
New York City,Barbados,1,1779
New York City,Barbados,2,1789
New York City,Barbados,3,1794
New York City,Barbados,2,1804
Newport,Barbados,1,1799
"Norwich, CT",Barbados,1,1799
Philadelphia,Barbados,1,1759
Philadelphia,Barbados,1,1779
Philadelphia,Barbados,3,1784
Philadelphia,Barbados,2,1789
Philadelphia,Barbados,1,1794
Philadelphia,Barbados,4,1799
Philadelphia,Barbados,2,1804
"Portsmouth, NH",Barbados,1,1759
"Portsmouth, NH",Barbados,1,1764
"Portsmouth, NH",Barbados,1,1799
Providence,Barbados,1,1784
Providence,Barbados,2,1799
"Rutland, Vermont",Barbados,1,1799
Salem,Barbados,1,1784
Savannah,Barbados,1,1799
"Windsor, VT",Barbados,2,1799
"Worcester, MA",Barbados,1,1799
Boston,"Bath, England",1,1764
Boston,"Bath, England",1,1784
Newport,"Bath, England",1,1774
Newport,"Bath, England",1,1784
Philadelphia,"Bath, England",1,1774
Providence,"Bath, England",1,1769
Providence,"Bath, England",1,1784
Williamsburg,"Bath, England",2,1774
"Albany, NY","Belfast, Northern Ireland",2,1794
Baltimore,"Belfast, Northern Ireland",1,1784
Bennington,"Belfast, Northern Ireland",1,1794
Boston,"Belfast, Northern Ireland",1,1769
Boston,"Belfast, Northern Ireland",2,1784
Boston,"Belfast, Northern Ireland",1,1794
Boston,"Belfast, Northern Ireland",1,1799
Carlisle,"Belfast, Northern Ireland",1,1799
Charleston,"Belfast, Northern Ireland",2,1794
Charleston,"Belfast, Northern Ireland",3,1799
New Haven,"Belfast, Northern Ireland",1,1789
New York City,"Belfast, Northern Ireland",1,1759
New York City,"Belfast, Northern Ireland",1,1769
New York City,"Belfast, Northern Ireland",2,1784
New York City,"Belfast, Northern Ireland",1,1789
New York City,"Belfast, Northern Ireland",6,1799
Newport,"Belfast, Northern Ireland",1,1789
"Norwich, CT","Belfast, Northern Ireland",1,1784
"Norwich, CT","Belfast, Northern Ireland",1,1799
Philadelphia,"Belfast, Northern Ireland",2,1784
Philadelphia,"Belfast, Northern Ireland",3,1789
Philadelphia,"Belfast, Northern Ireland",4,1794
Philadelphia,"Belfast, Northern Ireland",13,1799
"Portland, ME","Belfast, Northern Ireland",2,1799
Salem,"Belfast, Northern Ireland",1,1789
Salem,"Belfast, Northern Ireland",4,1799
"Windsor, VT","Belfast, Northern Ireland",1,1789
Baltimore,"Bengal, India",1,1794
Bennington,"Bengal, India",1,1794
Boston,"Bengal, India",1,1794
"Burlington, Vermont","Bengal, India",1,1784
"Burlington, Vermont","Bengal, India",1,1804
Charleston,"Bengal, India",1,1789
Charleston,"Bengal, India",4,1794
Keene,"Bengal, India",1,1804
New London,"Bengal, India",3,1794
New York City,"Bengal, India",1,1789
New York City,"Bengal, India",8,1794
New York City,"Bengal, India",2,1804
"Norwich, CT","Bengal, India",3,1794
Philadelphia,"Bengal, India",1,1784
Philadelphia,"Bengal, India",2,1789
Philadelphia,"Bengal, India",7,1794
Philadelphia,"Bengal, India",1,1804
Providence,"Bengal, India",1,1784
Salem,"Bengal, India",1,1794
Springfield,"Bengal, India",1,1804
"Windsor, VT","Bengal, India",1,1794
Boston,"Berlin, Germany",1,1759
"Elizabethtown, NJ","Berlin, Germany",1,1799
New York City,"Berlin, Germany",4,1759
Philadelphia,"Berlin, Germany",3,1794
Philadelphia,"Berlin, Germany",2,1799
"Portsmouth, NH","Berlin, Germany",1,1759
"Albany, NY",Bermuda,1,1804
"Alexandria, VA",Bermuda,2,1804
Baltimore,Bermuda,1,1789
Bennington,Bermuda,1,1804
Boston,Bermuda,2,1799
"Burlington, Vermont",Bermuda,1,1804
Charleston,Bermuda,3,1789
Charleston,Bermuda,1,1794
Concord,Bermuda,1,1799
District of Columbia,Bermuda,1,1804
Hagerstown,Bermuda,1,1804
Middletown,Bermuda,1,1804
New London,Bermuda,1,1789
New York City,Bermuda,3,1789
New York City,Bermuda,1,1794
New York City,Bermuda,1,1799
New York City,Bermuda,4,1804
Philadelphia,Bermuda,1,1784
Philadelphia,Bermuda,2,1794
Philadelphia,Bermuda,3,1799
Philadelphia,Bermuda,3,1804
"Portland, ME",Bermuda,1,1799
"Portsmouth, NH",Bermuda,1,1799
"Richmond, VA",Bermuda,1,1804
"Alexandria, VA","Bombay, India",1,1804
Boston,"Bombay, India",1,1794
Boston,"Bombay, India",5,1799
Charleston,"Bombay, India",2,1794
Charleston,"Bombay, India",2,1799
"Elizabethtown, NJ","Bombay, India",1,1799
Hartford,"Bombay, India",1,1799
Hartford,"Bombay, India",1,1804
Litchfield,"Bombay, India",1,1794
Litchfield,"Bombay, India",1,1799
New Haven,"Bombay, India",1,1799
New York City,"Bombay, India",5,1794
New York City,"Bombay, India",10,1799
New York City,"Bombay, India",4,1804
"Norwich, CT","Bombay, India",1,1799
"Otsego, NY","Bombay, India",1,1799
Philadelphia,"Bombay, India",2,1794
Philadelphia,"Bombay, India",11,1799
Philadelphia,"Bombay, India",2,1804
Providence,"Bombay, India",1,1799
"Richmond, VA","Bombay, India",1,1799
"Rutland, Vermont","Bombay, India",1,1799
Salem,"Bombay, India",1,1799
"Windham, MA","Bombay, India",1,1799
"Windham, MA","Bombay, India",1,1804
"Worcester, MA","Bombay, India",1,1799
"Albany, NY",Bordeaux,3,1804
"Alexandria, VA",Bordeaux,3,1804
Bennington,Bordeaux,1,1804
Boston,Bordeaux,2,1799
Boston,Bordeaux,2,1804
"Burlington, Vermont",Bordeaux,1,1804
Carlisle,Bordeaux,1,1799
Carlisle,Bordeaux,1,1804
Charleston,Bordeaux,1,1799
Charleston,Bordeaux,3,1804
Concord,Bordeaux,1,1799
Dedham,Bordeaux,3,1804
District of Columbia,Bordeaux,3,1804
Easton,Bordeaux,1,1804
"Elizabethtown, NJ",Bordeaux,1,1799
"Elizabethtown, NJ",Bordeaux,2,1804
Harrisburg,Bordeaux,2,1804
Hartford,Bordeaux,3,1799
Hartford,Bordeaux,2,1804
Litchfield,Bordeaux,1,1794
Litchfield,Bordeaux,1,1799
Middletown,Bordeaux,1,1804
New Bedford,Bordeaux,1,1799
New Haven,Bordeaux,2,1799
New York City,Bordeaux,5,1799
New York City,Bordeaux,14,1804
"Norwich, CT",Bordeaux,1,1804
"Otsego, NY",Bordeaux,2,1804
Peacham,Bordeaux,2,1804
Philadelphia,Bordeaux,8,1799
Philadelphia,Bordeaux,4,1804
"Portsmouth, NH",Bordeaux,1,1799
Salem,Bordeaux,2,1799
Salem,Bordeaux,1,1804
Walpole,Bordeaux,2,1804
"Windham, MA",Bordeaux,2,1804
"Windsor, VT",Bordeaux,1,1799
New York City,Brest,1,1799
Baltimore,Bristol,1,1779
Bennington,Bristol,1,1789
Boston,Bristol,3,1759
Boston,Bristol,7,1764
Boston,Bristol,4,1769
Boston,Bristol,1,1774
Boston,Bristol,2,1779
Boston,Bristol,1,1784
Boston,Bristol,1,1789
Boston,Bristol,1,1799
Charleston,Bristol,1,1794
Charleston,Bristol,1,1799
Hartford,Bristol,1,1799
Litchfield,Bristol,1,1794
Middletown,Bristol,1,1789
New Bedford,Bristol,1,1799
New Haven,Bristol,1,1779
New Haven,Bristol,1,1789
New London,Bristol,1,1784
New York City,Bristol,1,1759
New York City,Bristol,4,1789
New York City,Bristol,3,1794
New York City,Bristol,3,1799
Newport,Bristol,1,1799
"Norwich, CT",Bristol,1,1789
Philadelphia,Bristol,2,1774
Philadelphia,Bristol,3,1779
Philadelphia,Bristol,1,1784
Philadelphia,Bristol,2,1789
Philadelphia,Bristol,1,1794
Philadelphia,Bristol,6,1799
"Portsmouth, NH",Bristol,1,1759
"Portsmouth, NH",Bristol,1,1779
"Portsmouth, NH",Bristol,1,1789
Providence,Bristol,1,1784
Providence,Bristol,1,1789
Providence,Bristol,1,1794
Salem,Bristol,1,1784
Williamsburg,Bristol,1,1769
"Albany, NY",Brussels,4,1794
Baltimore,Brussels,3,1794
Boston,Brussels,7,1759
Boston,Brussels,16,1764
Boston,Brussels,1,1789
Boston,Brussels,3,1794
Boston,Brussels,1,1799
Carlisle,Brussels,1,1794
Charleston,Brussels,1,1789
Charleston,Brussels,5,1794
Hartford,Brussels,4,1794
Hartford,Brussels,1,1799
Litchfield,Brussels,2,1794
Middletown,Brussels,4,1794
Middletown,Brussels,1,1799
New Haven,Brussels,1,1794
New Haven,Brussels,1,1799
New London,Brussels,1,1794
New London,Brussels,1,1799
New York City,Brussels,4,1759
New York City,Brussels,3,1764
New York City,Brussels,1,1769
New York City,Brussels,11,1794
New York City,Brussels,3,1799
Newport,Brussels,2,1764
"Norwich, CT",Brussels,1,1789
"Norwich, CT",Brussels,1,1794
"Otsego, NY",Brussels,1,1799
Philadelphia,Brussels,2,1759
Philadelphia,Brussels,1,1789
Philadelphia,Brussels,18,1794
Philadelphia,Brussels,3,1799
"Portsmouth, NH",Brussels,1,1759
"Portsmouth, NH",Brussels,3,1764
"Portsmouth, NH",Brussels,2,1794
Providence,Brussels,1,1764
Salem,Brussels,2,1794
"Stockbridge, MA",Brussels,2,1794
"Windham, MA",Brussels,1,1799
"Windsor, VT",Brussels,1,1794
New York City,Cadiz,1,1784
Philadelphia,Cadiz,1,1784
Bennington,"Cairo, Egypt",1,1799
Boston,"Cairo, Egypt",1,1799
Charleston,"Cairo, Egypt",3,1799
New Bedford,"Cairo, Egypt",1,1799
New York City,"Cairo, Egypt",1,1799
Philadelphia,"Cairo, Egypt",1,1799
"Portland, ME","Cairo, Egypt",2,1799
"Portsmouth, NH","Cairo, Egypt",1,1799
"Windsor, VT","Cairo, Egypt",2,1799
"Albany, NY",Calcutta,2,1804
"Alexandria, VA",Calcutta,5,1804
Baltimore,Calcutta,2,1794
Baltimore,Calcutta,4,1804
Bennington,Calcutta,1,1789
Boston,Calcutta,2,1784
Boston,Calcutta,2,1789
Boston,Calcutta,1,1794
Boston,Calcutta,10,1799
Bridgeport,Calcutta,1,1799
"Burlington, Vermont",Calcutta,2,1804
Carlisle,Calcutta,1,1799
Charleston,Calcutta,1,1794
Charleston,Calcutta,10,1799
Charleston,Calcutta,4,1804
Concord,Calcutta,1,1799
Concord NH,Calcutta,1,1804
Dedham,Calcutta,1,1804
District of Columbia,Calcutta,3,1804
"Hanover, NH",Calcutta,1,1804
Harrisburg,Calcutta,2,1804
Hartford,Calcutta,1,1789
Hartford,Calcutta,2,1799
Hartford,Calcutta,1,1804
Litchfield,Calcutta,5,1799
Litchfield,Calcutta,1,1804
Middletown,Calcutta,1,1789
New Bedford,Calcutta,1,1804
New Haven,Calcutta,1,1804
New London,Calcutta,1,1789
New London,Calcutta,1,1794
New London,Calcutta,2,1799
New York City,Calcutta,2,1794
New York City,Calcutta,17,1799
New York City,Calcutta,16,1804
Newburyport,Calcutta,1,1804
Newport,Calcutta,1,1804
Northampton,Calcutta,1,1794
"Norwich, CT",Calcutta,1,1794
"Norwich, CT",Calcutta,2,1804
"Otsego, NY",Calcutta,3,1799
"Otsego, NY",Calcutta,1,1804
Philadelphia,Calcutta,3,1789
Philadelphia,Calcutta,4,1794
Philadelphia,Calcutta,45,1799
Philadelphia,Calcutta,16,1804
"Pittsfield, MA",Calcutta,2,1804
"Portland, ME",Calcutta,1,1799
"Portland, ME",Calcutta,2,1804
"Portsmouth, NH",Calcutta,1,1799
"Portsmouth, NH",Calcutta,1,1804
Providence,Calcutta,1,1784
Providence,Calcutta,3,1799
Providence,Calcutta,2,1804
Salem,Calcutta,2,1794
Salem,Calcutta,3,1799
Salem,Calcutta,3,1804
Springfield,Calcutta,1,1804
Walpole,Calcutta,1,1804
"Windham, MA",Calcutta,1,1799
"Windsor, VT",Calcutta,1,1789
"Windsor, VT",Calcutta,1,1799
"Windsor, VT",Calcutta,1,1804
"Worcester, MA",Calcutta,1,1794
Boston,Cambridge,1,1799
Carlisle,Cambridge,2,1799
Charleston,Cambridge,1,1799
"Elizabethtown, NJ",Cambridge,3,1799
Litchfield,Cambridge,2,1799
Philadelphia,Cambridge,16,1799
"Portsmouth, NH",Cambridge,1,1799
New York City,Cape Town,4,1804
Philadelphia,Cape Town,1,1804
New York City,Ceylon,1,1804
"Windsor, VT",Ceylon,1,1804
Boston,Chester,1,1784
New London,Chester,1,1764
New London,Chester,1,1784
New York City,Chester,2,1799
Philadelphia,Chester,1,1799
"Portsmouth, NH",Chester,1,1784
Salem,Chester,1,1784
Philadelphia,Cologne,1,1794
"Albany, NY",Cork,1,1804
Baltimore,Cork,2,1779
Baltimore,Cork,1,1789
Baltimore,Cork,1,1794
Bennington,Cork,1,1789
Boston,Cork,1,1779
Boston,Cork,2,1789
Boston,Cork,3,1799
Charleston,Cork,1,1794
Charleston,Cork,1,1799
Hartford,Cork,2,1789
Litchfield,Cork,1,1794
Litchfield,Cork,2,1799
Middletown,Cork,1,1789
New Haven,Cork,1,1789
New London,Cork,1,1779
New London,Cork,2,1789
New London,Cork,1,1799
New York City,Cork,1,1769
New York City,Cork,4,1784
New York City,Cork,4,1789
New York City,Cork,1,1794
New York City,Cork,4,1799
Newport,Cork,1,1769
Philadelphia,Cork,3,1784
Philadelphia,Cork,3,1789
Philadelphia,Cork,1,1794
Philadelphia,Cork,12,1799
"Portland, ME",Cork,1,1799
"Portsmouth, NH",Cork,1,1769
"Portsmouth, NH",Cork,2,1779
"Portsmouth, NH",Cork,3,1789
Providence,Cork,1,1789
Savannah,Cork,1,1799
Boston,Cornwall,1,1789
Hartford,Cornwall,1,1784
Litchfield,Cornwall,1,1789
New York City,Cornwall,1,1784
Philadelphia,Cornwall,1,1784
Philadelphia,Cornwall,1,1799
"Portsmouth, NH",Cornwall,1,1784
Providence,Cornwall,1,1784
Salem,Cornwall,1,1784
Boston,Corsica,1,1769
Hartford,Corsica,1,1769
New York City,Corsica,2,1769
"Portsmouth, NH",Corsica,1,1769
Hartford,Coventry,1,1769
Bennington,Dominica,1,1789
Boston,Dominica,5,1769
Boston,Dominica,3,1789
"Burlington, Vermont",Dominica,1,1804
Carlisle,Dominica,1,1804
Charleston,Dominica,1,1794
Litchfield,Dominica,1,1799
New London,Dominica,1,1769
New York City,Dominica,2,1769
New York City,Dominica,3,1789
New York City,Dominica,1,1794
New York City,Dominica,2,1799
Newport,Dominica,1,1769
"Norwich, CT",Dominica,1,1789
Philadelphia,Dominica,4,1789
Philadelphia,Dominica,1,1799
Philadelphia,Dominica,1,1804
"Portsmouth, NH",Dominica,1,1769
"Portsmouth, NH",Dominica,1,1774
"Portsmouth, NH",Dominica,1,1789
Providence,Dominica,1,1799
Savannah,Dominica,1,1799
"Windsor, VT",Dominica,1,1804
"Alexandria, VA",Dublin,2,1804
Baltimore,Dublin,1,1784
Baltimore,Dublin,2,1804
Bennington,Dublin,1,1799
Boston,Dublin,1,1764
Boston,Dublin,3,1774
Boston,Dublin,1,1779
Boston,Dublin,6,1784
Boston,Dublin,3,1789
Boston,Dublin,2,1799
"Burlington, Vermont",Dublin,2,1784
Carlisle,Dublin,1,1794
Carlisle,Dublin,1,1799
Charleston,Dublin,2,1789
Charleston,Dublin,1,1799
Charleston,Dublin,2,1804
District of Columbia,Dublin,1,1804
"Elizabethtown, NJ",Dublin,1,1799
Harrisburg,Dublin,1,1804
Hartford,Dublin,1,1774
Hartford,Dublin,2,1779
Hartford,Dublin,3,1784
Hartford,Dublin,3,1789
Hartford,Dublin,2,1799
Hartford,Dublin,1,1804
Middletown,Dublin,2,1794
New Haven,Dublin,2,1779
New London,Dublin,1,1764
New London,Dublin,1,1779
New London,Dublin,1,1799
New York City,Dublin,4,1784
New York City,Dublin,6,1789
New York City,Dublin,4,1794
New York City,Dublin,5,1799
New York City,Dublin,7,1804
Newport,Dublin,1,1774
Newport,Dublin,1,1784
Newport,Dublin,1,1799
"Norwich, CT",Dublin,1,1779
"Norwich, CT",Dublin,2,1784
"Norwich, CT",Dublin,1,1789
"Norwich, CT",Dublin,1,1799
Philadelphia,Dublin,1,1774
Philadelphia,Dublin,2,1779
Philadelphia,Dublin,11,1784
Philadelphia,Dublin,11,1789
Philadelphia,Dublin,3,1794
Philadelphia,Dublin,7,1799
Philadelphia,Dublin,7,1804
"Portsmouth, NH",Dublin,1,1779
"Portsmouth, NH",Dublin,2,1789
Providence,Dublin,1,1764
Providence,Dublin,3,1784
Providence,Dublin,1,1794
"Richmond, VA",Dublin,1,1804
Salem,Dublin,1,1784
Salem,Dublin,1,1789
Salem,Dublin,2,1799
Williamsburg,Dublin,2,1774
"Worcester, MA",Dublin,1,1794
"Albany, NY",Edinburgh,1,1804
"Alexandria, VA",Edinburgh,1,1804
Baltimore,Edinburgh,4,1789
Baltimore,Edinburgh,2,1794
Bennington,Edinburgh,1,1804
Boston,Edinburgh,1,1759
Boston,Edinburgh,4,1764
Boston,Edinburgh,1,1779
Boston,Edinburgh,3,1784
Boston,Edinburgh,3,1789
Boston,Edinburgh,3,1794
Boston,Edinburgh,2,1799
Boston,Edinburgh,1,1804
Carlisle,Edinburgh,2,1804
Charleston,Edinburgh,4,1789
Charleston,Edinburgh,10,1794
Charleston,Edinburgh,5,1799
Charleston,Edinburgh,3,1804
Concord NH,Edinburgh,1,1804
Dedham,Edinburgh,1,1804
District of Columbia,Edinburgh,1,1804
"Elizabethtown, NJ",Edinburgh,2,1794
"Elizabethtown, NJ",Edinburgh,1,1799
"Hanover, NH",Edinburgh,1,1804
Harrisburg,Edinburgh,1,1804
Hartford,Edinburgh,2,1789
Hartford,Edinburgh,1,1804
Litchfield,Edinburgh,2,1799
Middletown,Edinburgh,1,1799
Middletown,Edinburgh,1,1804
New Bedford,Edinburgh,2,1799
New Haven,Edinburgh,1,1799
New London,Edinburgh,1,1764
New London,Edinburgh,2,1794
New London,Edinburgh,1,1799
New London,Edinburgh,1,1804
New York City,Edinburgh,5,1764
New York City,Edinburgh,2,1784
New York City,Edinburgh,3,1789
New York City,Edinburgh,4,1794
New York City,Edinburgh,7,1799
New York City,Edinburgh,12,1804
Newport,Edinburgh,1,1799
Northampton,Edinburgh,1,1794
"Norwich, CT",Edinburgh,1,1784
"Norwich, CT",Edinburgh,2,1794
"Norwich, CT",Edinburgh,1,1799
"Norwich, CT",Edinburgh,1,1804
"Otsego, NY",Edinburgh,3,1804
Philadelphia,Edinburgh,2,1774
Philadelphia,Edinburgh,2,1779
Philadelphia,Edinburgh,2,1784
Philadelphia,Edinburgh,7,1789
Philadelphia,Edinburgh,16,1794
Philadelphia,Edinburgh,3,1799
Philadelphia,Edinburgh,4,1804
"Portland, ME",Edinburgh,1,1799
"Portsmouth, NH",Edinburgh,1,1794
"Portsmouth, NH",Edinburgh,1,1799
Providence,Edinburgh,3,1764
Providence,Edinburgh,1,1769
Providence,Edinburgh,2,1789
Providence,Edinburgh,1,1794
Providence,Edinburgh,1,1799
Providence,Edinburgh,1,1804
"Rutland, Vermont",Edinburgh,1,1804
Salem,Edinburgh,3,1794
Salem,Edinburgh,2,1799
Salem,Edinburgh,1,1804
Savannah,Edinburgh,2,1799
Springfield,Edinburgh,1,1804
Williamsburg,Edinburgh,3,1774
"Windham, MA",Edinburgh,1,1799
"Windham, MA",Edinburgh,1,1804
"Windsor, VT",Edinburgh,1,1794
"Worcester, MA",Edinburgh,1,1794
Boston,Exeter,1,1764
Boston,Exeter,1,1784
New London,Exeter,1,1784
Salem,Exeter,1,1784
Boston,Falmouth,7,1789
New York City,Falmouth,1,1789
Boston,Frankfurt,2,1769
New York City,Frankfurt,2,1769
Newport,Frankfurt,1,1769
"Portsmouth, NH",Frankfurt,1,1769
"Alexandria, VA",Gibraltar,1,1804
Baltimore,Gibraltar,1,1804
Hagerstown,Gibraltar,1,1804
Harrisburg,Gibraltar,1,1804
Litchfield,Gibraltar,1,1804
New Haven,Gibraltar,1,1804
New York City,Gibraltar,2,1804
Newburyport,Gibraltar,1,1804
"Norwich, CT",Gibraltar,1,1804
Philadelphia,Gibraltar,3,1804
"Albany, NY",Glasgow,2,1804
"Alexandria, VA",Glasgow,4,1804
Baltimore,Glasgow,1,1804
Boston,Glasgow,1,1759
Boston,Glasgow,1,1764
Boston,Glasgow,2,1789
Boston,Glasgow,1,1794
Boston,Glasgow,1,1799
Charleston,Glasgow,1,1794
Charleston,Glasgow,2,1799
Concord,Glasgow,1,1799
Dedham,Glasgow,1,1804
District of Columbia,Glasgow,6,1804
"Elizabethtown, NJ",Glasgow,1,1789
"Elizabethtown, NJ",Glasgow,1,1794
Hagerstown,Glasgow,1,1804
Hartford,Glasgow,1,1769
Hartford,Glasgow,2,1789
Hartford,Glasgow,2,1799
Hartford,Glasgow,1,1804
Middletown,Glasgow,1,1789
New Haven,Glasgow,1,1789
New London,Glasgow,1,1794
New York City,Glasgow,2,1789
New York City,Glasgow,2,1794
New York City,Glasgow,3,1799
New York City,Glasgow,22,1804
Newburyport,Glasgow,1,1804
Newport,Glasgow,2,1789
Newport,Glasgow,1,1794
Northampton,Glasgow,1,1804
"Norwich, CT",Glasgow,1,1794
"Norwich, CT",Glasgow,1,1804
Philadelphia,Glasgow,4,1789
Philadelphia,Glasgow,4,1799
Philadelphia,Glasgow,6,1804
"Portland, ME",Glasgow,1,1799
"Portsmouth, NH",Glasgow,1,1794
Providence,Glasgow,1,1794
Providence,Glasgow,1,1799
Salem,Glasgow,1,1794
Salem,Glasgow,4,1804
Savannah,Glasgow,1,1799
"Windham, MA",Glasgow,1,1804
"Windsor, VT",Glasgow,1,1799
"Windsor, VT",Glasgow,1,1804
Boston,Gloucester,2,1764
New Haven,Gloucester,1,1789
New London,Gloucester,1,1789
New York City,Gloucester,1,1764
Providence,Gloucester,1,1764
Williamsburg,Gloucester,1,1769
Boston,Grenada,2,1769
Boston,Grenada,2,1774
Boston,Grenada,1,1779
"Burlington, Vermont",Grenada,1,1784
Charleston,Grenada,1,1794
Charleston,Grenada,1,1804
Hartford,Grenada,1,1774
Hartford,Grenada,1,1779
Middletown,Grenada,1,1794
New Haven,Grenada,1,1774
New Haven,Grenada,1,1779
New London,Grenada,1,1769
New London,Grenada,1,1774
New York City,Grenada,3,1769
New York City,Grenada,1,1779
New York City,Grenada,1,1794
"Norwich, CT",Grenada,1,1779
Philadelphia,Grenada,2,1774
Philadelphia,Grenada,1,1779
"Portsmouth, NH",Grenada,1,1774
Providence,Grenada,1,1769
Providence,Grenada,1,1774
Providence,Grenada,1,1779
New York City,Guadaloupe,1,1779
Philadelphia,Guadaloupe,1,1779
Charleston,Haarlem,1,1799
"Elizabethtown, NJ",Haarlem,2,1799
New York City,Haarlem,1,1799
Philadelphia,Haarlem,2,1799
Baltimore,Hague,1,1784
Baltimore,Hague,1,1789
Boston,Hague,2,1764
Boston,Hague,1,1769
Boston,Hague,1,1789
Boston,Hague,2,1804
Charleston,Hague,1,1794
Harrisburg,Hague,1,1804
New York City,Hague,1,1759
New York City,Hague,2,1764
New York City,Hague,3,1769
Newport,Hague,2,1769
Newport,Hague,1,1794
"Norwich, CT",Hague,1,1784
"Norwich, CT",Hague,1,1804
Peacham,Hague,1,1804
Philadelphia,Hague,1,1759
Philadelphia,Hague,2,1784
Philadelphia,Hague,1,1789
Philadelphia,Hague,1,1799
Philadelphia,Hague,1,1804
"Portsmouth, NH",Hague,1,1764
"Portsmouth, NH",Hague,1,1784
"Portsmouth, NH",Hague,1,1804
Providence,Hague,1,1764
Providence,Hague,1,1784
Williamsburg,Hague,1,1769
"Worcester, MA",Hague,1,1799
"Alexandria, VA",Halifax,1,1804
Baltimore,Halifax,1,1784
Baltimore,Halifax,2,1804
Boston,Halifax,5,1759
Boston,Halifax,2,1764
Boston,Halifax,3,1769
Boston,Halifax,3,1779
Boston,Halifax,3,1784
Boston,Halifax,2,1789
Boston,Halifax,1,1794
Boston,Halifax,1,1799
"Burlington, Vermont",Halifax,1,1784
Charleston,Halifax,1,1789
Charleston,Halifax,3,1804
District of Columbia,Halifax,1,1804
"Elizabethtown, NJ",Halifax,1,1794
Hagerstown,Halifax,1,1804
"Hanover, NH",Halifax,1,1804
Harrisburg,Halifax,1,1804
Hartford,Halifax,1,1779
Middletown,Halifax,1,1794
Middletown,Halifax,1,1804
New Bedford,Halifax,1,1804
New London,Halifax,1,1804
New York City,Halifax,3,1759
New York City,Halifax,1,1769
New York City,Halifax,3,1784
New York City,Halifax,1,1789
New York City,Halifax,1,1794
New York City,Halifax,1,1799
New York City,Halifax,16,1804
"Norwich, CT",Halifax,1,1784
"Norwich, CT",Halifax,1,1804
"Otsego, NY",Halifax,3,1804
Philadelphia,Halifax,2,1784
Philadelphia,Halifax,4,1794
Philadelphia,Halifax,9,1804
"Portland, ME",Halifax,1,1804
"Portsmouth, NH",Halifax,1,1789
Providence,Halifax,2,1794
Providence,Halifax,2,1804
Salem,Halifax,1,1784
Salem,Halifax,1,1794
Salem,Halifax,1,1804
Walpole,Halifax,2,1804
"Albany, NY",Hamburg,1,1804
"Alexandria, VA",Hamburg,4,1804
Baltimore,Hamburg,1,1804
Boston,Hamburg,2,1794
Boston,Hamburg,8,1799
Boston,Hamburg,1,1804
Carlisle,Hamburg,1,1804
Charleston,Hamburg,2,1794
Charleston,Hamburg,9,1799
Charleston,Hamburg,2,1804
Dedham,Hamburg,2,1804
District of Columbia,Hamburg,1,1804
"Elizabethtown, NJ",Hamburg,2,1799
"Elizabethtown, NJ",Hamburg,1,1804
Hagerstown,Hamburg,1,1804
Hartford,Hamburg,6,1799
Hartford,Hamburg,1,1804
Litchfield,Hamburg,5,1799
Litchfield,Hamburg,2,1804
Middletown,Hamburg,3,1799
New Bedford,Hamburg,1,1799
New Haven,Hamburg,1,1794
New Haven,Hamburg,2,1799
New Haven,Hamburg,1,1804
New London,Hamburg,1,1799
New York City,Hamburg,2,1794
New York City,Hamburg,15,1799
New York City,Hamburg,9,1804
Northampton,Hamburg,1,1804
"Norwich, CT",Hamburg,3,1799
"Norwich, CT",Hamburg,2,1804
"Otsego, NY",Hamburg,1,1804
Philadelphia,Hamburg,12,1799
Philadelphia,Hamburg,8,1804
"Portland, ME",Hamburg,1,1799
"Portsmouth, NH",Hamburg,1,1794
"Portsmouth, NH",Hamburg,1,1799
Providence,Hamburg,1,1794
Providence,Hamburg,1,1804
"Windsor, VT",Hamburg,1,1799
"Windsor, VT",Hamburg,1,1804
"Worcester, MA",Hamburg,2,1799
Boston,Hampshire,1,1784
Boston,Hampshire,6,1789
Hartford,Hampshire,3,1789
Litchfield,Hampshire,1,1789
Middletown,Hampshire,1,1789
New Haven,Hampshire,1,1789
New London,Hampshire,1,1789
Philadelphia,Hampshire,1,1774
Boston,Havana,1,1784
Boston,Havana,1,1804
Charleston,Havana,1,1804
District of Columbia,Havana,1,1804
New York City,Havana,2,1784
New York City,Havana,2,1804
Newport,Havana,1,1784
Philadelphia,Havana,1,1784
Salem,Havana,1,1784
New York City,Havre,1,1799
Philadelphia,Havre,1,1799
Boston,Hull,2,1789
Boston,Hull,1,1799
Middletown,Hull,1,1789
New York City,Hull,1,1799
Philadelphia,Hull,2,1799
Boston,Jersey,1,1779
Boston,Jersey,1,1789
New York City,Jersey,2,1779
New York City,Jersey,1,1789
"Alexandria, VA",Kingston,1,1804
Baltimore,Kingston,3,1789
Baltimore,Kingston,1,1804
Boston,Kingston,2,1759
Boston,Kingston,7,1784
Boston,Kingston,4,1789
Boston,Kingston,3,1799
Boston,Kingston,2,1804
Carlisle,Kingston,1,1804
Charleston,Kingston,3,1789
Charleston,Kingston,2,1794
Charleston,Kingston,2,1799
Charleston,Kingston,2,1804
District of Columbia,Kingston,1,1804
Hagerstown,Kingston,1,1804
Harrisburg,Kingston,1,1804
Hartford,Kingston,1,1784
Hartford,Kingston,2,1799
Litchfield,Kingston,1,1804
Middletown,Kingston,1,1789
Middletown,Kingston,1,1804
New Haven,Kingston,1,1789
New London,Kingston,1,1774
New London,Kingston,2,1784
New London,Kingston,1,1789
New London,Kingston,2,1804
New York City,Kingston,3,1759
New York City,Kingston,1,1779
New York City,Kingston,12,1784
New York City,Kingston,4,1789
New York City,Kingston,4,1794
New York City,Kingston,3,1799
New York City,Kingston,11,1804
Newport,Kingston,1,1784
Newport,Kingston,1,1794
"Norwich, CT",Kingston,1,1784
Philadelphia,Kingston,1,1759
Philadelphia,Kingston,1,1774
Philadelphia,Kingston,3,1784
Philadelphia,Kingston,2,1789
Philadelphia,Kingston,2,1794
Philadelphia,Kingston,5,1799
Philadelphia,Kingston,4,1804
"Portsmouth, NH",Kingston,1,1759
"Portsmouth, NH",Kingston,2,1784
"Portsmouth, NH",Kingston,1,1789
"Richmond, VA",Kingston,2,1804
Salem,Kingston,1,1789
"Windsor, VT",Kingston,1,1789
"Windsor, VT",Kingston,2,1799
"Windsor, VT",Kingston,1,1804
"Portland, ME",Kleve,1,1799
Salem,Kleve,1,1799
Middletown,Krakow,1,1804
"Rutland, Vermont",Krakow,1,1804
Boston,Lancaster,1,1799
Boston,Leeds,2,1779
Providence,Leeds,1,1779
"Albany, NY",Leiden,3,1794
"Albany, NY",Leiden,1,1804
"Augusta, Maine",Leiden,1,1804
Baltimore,Leiden,1,1779
Baltimore,Leiden,3,1794
Baltimore,Leiden,2,1804
Bennington,Leiden,2,1794
Bennington,Leiden,1,1804
Boston,Leiden,2,1764
Boston,Leiden,1,1769
Boston,Leiden,2,1779
Boston,Leiden,3,1784
Boston,Leiden,6,1794
Boston,Leiden,6,1799
Boston,Leiden,2,1804
Bridgeport,Leiden,1,1799
"Burlington, Vermont",Leiden,2,1784
"Burlington, Vermont",Leiden,1,1804
Carlisle,Leiden,3,1794
Carlisle,Leiden,1,1799
Charleston,Leiden,1,1789
Charleston,Leiden,5,1794
Charleston,Leiden,4,1799
Charleston,Leiden,2,1804
Concord,Leiden,3,1799
Concord NH,Leiden,1,1804
District of Columbia,Leiden,3,1804
Dover,Leiden,1,1804
"Elizabethtown, NJ",Leiden,2,1794
"Elizabethtown, NJ",Leiden,1,1804
Hartford,Leiden,1,1769
Hartford,Leiden,1,1784
Hartford,Leiden,4,1794
Hartford,Leiden,2,1799
Hartford,Leiden,1,1804
Keene,Leiden,2,1804
Litchfield,Leiden,5,1794
Litchfield,Leiden,1,1799
Middletown,Leiden,1,1794
New Bedford,Leiden,2,1799
New Bedford,Leiden,1,1804
New Haven,Leiden,1,1779
New Haven,Leiden,3,1794
New Haven,Leiden,1,1799
New London,Leiden,3,1794
New London,Leiden,4,1804
New York City,Leiden,1,1764
New York City,Leiden,2,1769
New York City,Leiden,1,1789
New York City,Leiden,16,1794
New York City,Leiden,11,1799
New York City,Leiden,14,1804
Newburyport,Leiden,1,1804
Newport,Leiden,1,1799
Newport,Leiden,1,1804
Northampton,Leiden,3,1794
"Norwich, CT",Leiden,3,1794
"Norwich, CT",Leiden,1,1804
"Otsego, NY",Leiden,1,1804
Philadelphia,Leiden,1,1784
Philadelphia,Leiden,1,1789
Philadelphia,Leiden,66,1794
Philadelphia,Leiden,23,1799
Philadelphia,Leiden,6,1804
"Pittsfield, MA",Leiden,1,1804
"Portland, ME",Leiden,3,1799
"Portsmouth, NH",Leiden,1,1764
"Portsmouth, NH",Leiden,1,1779
"Portsmouth, NH",Leiden,3,1794
"Portsmouth, NH",Leiden,2,1799
Providence,Leiden,3,1794
Providence,Leiden,2,1804
"Richmond, VA",Leiden,1,1804
Salem,Leiden,2,1799
"Stockbridge, MA",Leiden,6,1794
"Windham, MA",Leiden,2,1799
"Windham, MA",Leiden,3,1804
"Windsor, VT",Leiden,1,1794
"Windsor, VT",Leiden,2,1804
"Worcester, MA",Leiden,1,1794
Charleston,Limerick,1,1799
Hartford,Limerick,1,1799
New York City,Limerick,2,1799
Philadelphia,Limerick,2,1799
Baltimore,"Lisbon, Portugal",1,1804
Boston,"Lisbon, Portugal",1,1804
Charleston,"Lisbon, Portugal",1,1794
Middletown,"Lisbon, Portugal",1,1804
New Bedford,"Lisbon, Portugal",1,1804
New York City,"Lisbon, Portugal",2,1804
Newburyport,"Lisbon, Portugal",1,1804
Philadelphia,"Lisbon, Portugal",1,1794
Philadelphia,"Lisbon, Portugal",1,1804
"Windsor, VT","Lisbon, Portugal",1,1804
Boston,"Lille, France",1,1799
Carlisle,"Lille, France",1,1799
New London,"Lille, France",1,1799
New York City,"Lille, France",2,1799
"Otsego, NY","Lille, France",1,1799
Philadelphia,"Lille, France",2,1799
Salem,"Lille, France",1,1799
"Albany, NY",Liverpool,1,1804
Baltimore,Liverpool,1,1794
Boston,Liverpool,2,1779
Boston,Liverpool,2,1789
Boston,Liverpool,1,1804
Charleston,Liverpool,1,1789
District of Columbia,Liverpool,3,1804
"Elizabethtown, NJ",Liverpool,1,1789
Keene,Liverpool,1,1804
New Bedford,Liverpool,1,1804
New London,Liverpool,1,1779
New London,Liverpool,1,1804
New York City,Liverpool,1,1769
New York City,Liverpool,1,1784
New York City,Liverpool,2,1789
New York City,Liverpool,1,1794
New York City,Liverpool,3,1804
Newburyport,Liverpool,1,1804
Philadelphia,Liverpool,2,1789
Philadelphia,Liverpool,1,1794
Philadelphia,Liverpool,1,1799
Philadelphia,Liverpool,3,1804
"Portland, ME",Liverpool,1,1804
Providence,Liverpool,1,1784
Providence,Liverpool,1,1804
"Windsor, VT",Liverpool,1,1799
"Albany, NY",London,10,1794
"Albany, NY",London,33,1804
"Alexandria, VA",London,46,1804
"Augusta, Maine",London,4,1804
Baltimore,London,63,1779
Baltimore,London,18,1784
Baltimore,London,22,1789
Baltimore,London,30,1794
Baltimore,London,69,1804
Bennington,London,11,1789
Bennington,London,8,1794
Bennington,London,10,1799
Bennington,London,6,1804
Boston,London,277,1759
Boston,London,285,1764
Boston,London,284,1769
Boston,London,328,1774
Boston,London,108,1779
Boston,London,247,1784
Boston,London,158,1789
Boston,London,50,1794
Boston,London,188,1799
Boston,London,72,1804
Bridgeport,London,20,1799
"Burlington, Vermont",London,33,1784
"Burlington, Vermont",London,9,1804
Carlisle,London,9,1789
Carlisle,London,9,1794
Carlisle,London,36,1799
Carlisle,London,20,1804
Charleston,London,37,1789
Charleston,London,46,1794
Charleston,London,89,1799
Charleston,London,118,1804
Concord,London,16,1799
Concord NH,London,10,1804
Dedham,London,12,1804
District of Columbia,London,85,1804
Dover,London,11,1804
Easton,London,17,1804
"Elizabethtown, NJ",London,16,1789
"Elizabethtown, NJ",London,17,1794
"Elizabethtown, NJ",London,29,1799
"Elizabethtown, NJ",London,34,1804
"Greenfield, MA",London,11,1804
Hagerstown,London,11,1804
"Hanover, NH",London,12,1804
Harrisburg,London,28,1804
Hartford,London,50,1769
Hartford,London,46,1774
Hartford,London,24,1779
Hartford,London,52,1784
Hartford,London,35,1789
Hartford,London,37,1794
Hartford,London,52,1799
Hartford,London,59,1804
Keene,London,23,1804
Litchfield,London,18,1789
Litchfield,London,16,1794
Litchfield,London,29,1799
Litchfield,London,26,1804
Middletown,London,20,1789
Middletown,London,17,1794
Middletown,London,16,1799
Middletown,London,28,1804
New Bedford,London,11,1799
New Bedford,London,17,1804
New Haven,London,24,1774
New Haven,London,26,1779
New Haven,London,27,1784
New Haven,London,24,1789
New Haven,London,17,1794
New Haven,London,32,1799
New Haven,London,36,1804
New London,London,21,1764
New London,London,44,1769
New London,London,36,1774
New London,London,32,1779
New London,London,41,1784
New London,London,24,1789
New London,London,15,1794
New London,London,26,1799
New London,London,27,1804
New York City,London,161,1759
New York City,London,165,1764
New York City,London,185,1769
New York City,London,105,1774
New York City,London,40,1779
New York City,London,194,1784
New York City,London,128,1789
New York City,London,152,1794
New York City,London,272,1799
New York City,London,399,1804
Newburyport,London,35,1804
Newport,London,47,1764
Newport,London,90,1769
Newport,London,47,1774
Newport,London,18,1779
Newport,London,19,1784
Newport,London,16,1789
Newport,London,8,1794
Newport,London,22,1799
Newport,London,13,1804
Northampton,London,12,1794
Northampton,London,10,1804
"Norwich, CT",London,42,1779
"Norwich, CT",London,52,1784
"Norwich, CT",London,22,1789
"Norwich, CT",London,15,1794
"Norwich, CT",London,26,1799
"Norwich, CT",London,27,1804
"Otsego, NY",London,17,1799
"Otsego, NY",London,14,1804
Peacham,London,9,1804
Philadelphia,London,84,1759
Philadelphia,London,60,1764
Philadelphia,London,159,1774
Philadelphia,London,173,1779
Philadelphia,London,179,1784
Philadelphia,London,162,1789
Philadelphia,London,223,1794
Philadelphia,London,463,1799
Philadelphia,London,219,1804
"Pittsfield, MA",London,11,1804
"Portland, ME",London,18,1799
"Portland, ME",London,18,1804
"Portsmouth, NH",London,60,1759
"Portsmouth, NH",London,96,1764
"Portsmouth, NH",London,66,1769
"Portsmouth, NH",London,52,1774
"Portsmouth, NH",London,19,1779
"Portsmouth, NH",London,27,1784
"Portsmouth, NH",London,31,1789
"Portsmouth, NH",London,17,1794
"Portsmouth, NH",London,47,1799
"Portsmouth, NH",London,13,1804
Providence,London,60,1764
Providence,London,71,1769
Providence,London,70,1774
Providence,London,45,1779
Providence,London,45,1784
Providence,London,61,1789
Providence,London,22,1794
Providence,London,47,1799
Providence,London,26,1804
"Richmond, VA",London,6,1799
"Richmond, VA",London,18,1804
"Rutland, Vermont",London,24,1799
"Rutland, Vermont",London,12,1804
Salem,London,54,1774
Salem,London,33,1784
Salem,London,37,1789
Salem,London,10,1794
Salem,London,37,1799
Salem,London,23,1804
Savannah,London,10,1769
Savannah,London,20,1799
Springfield,London,16,1804
"Stockbridge, MA",London,16,1794
Walpole,London,23,1804
Williamsburg,London,50,1769
Williamsburg,London,69,1774
Williamsburg,London,28,1779
"Windham, MA",London,22,1799
"Windham, MA",London,27,1804
"Windsor, VT",London,32,1789
"Windsor, VT",London,6,1794
"Windsor, VT",London,10,1799
"Windsor, VT",London,14,1804
"Worcester, MA",London,16,1794
"Worcester, MA",London,9,1799
"Worcester, MA",London,5,1804
Bennington,Londonderry,1,1789
Boston,Londonderry,1,1784
Boston,Londonderry,2,1789
Boston,Londonderry,1,1794
Carlisle,Londonderry,1,1794
Hartford,Londonderry,1,1789
Litchfield,Londonderry,1,1789
New Haven,Londonderry,1,1779
New Haven,Londonderry,1,1789
New York City,Londonderry,6,1789
Newport,Londonderry,1,1779
Newport,Londonderry,1,1789
Philadelphia,Londonderry,1,1784
Philadelphia,Londonderry,6,1789
Philadelphia,Londonderry,1,1794
Providence,Londonderry,1,1784
Salem,Londonderry,1,1784
"Windsor, VT",Londonderry,1,1789
"Albany, NY",Madras,1,1804
"Alexandria, VA",Madras,1,1804
Baltimore,Madras,5,1794
Boston,Madras,1,1789
Boston,Madras,1,1794
Boston,Madras,3,1799
Carlisle,Madras,1,1789
Charleston,Madras,5,1794
"Elizabethtown, NJ",Madras,1,1789
"Elizabethtown, NJ",Madras,1,1794
Hartford,Madras,1,1789
Litchfield,Madras,2,1799
Middletown,Madras,1,1789
New Haven,Madras,2,1799
New Haven,Madras,1,1804
New London,Madras,1,1799
New York City,Madras,1,1789
New York City,Madras,6,1794
New York City,Madras,9,1799
New York City,Madras,3,1804
"Otsego, NY",Madras,1,1799
Philadelphia,Madras,3,1789
Philadelphia,Madras,5,1794
Philadelphia,Madras,12,1799
Philadelphia,Madras,3,1804
"Portsmouth, NH",Madras,1,1799
"Richmond, VA",Madras,1,1799
"Richmond, VA",Madras,1,1804
Salem,Madras,1,1794
"Windsor, VT",Madras,2,1789
"Windsor, VT",Madras,2,1794
"Windsor, VT",Madras,1,1799
"Albany, NY",Madrid,1,1804
"Alexandria, VA",Madrid,1,1804
Baltimore,Madrid,1,1784
Baltimore,Madrid,3,1794
Baltimore,Madrid,1,1804
Boston,Madrid,1,1784
Boston,Madrid,1,1794
Boston,Madrid,4,1799
Carlisle,Madrid,1,1794
Charleston,Madrid,4,1794
Charleston,Madrid,4,1799
Charleston,Madrid,2,1804
Concord,Madrid,2,1799
"Elizabethtown, NJ",Madrid,1,1794
"Elizabethtown, NJ",Madrid,1,1799
"Elizabethtown, NJ",Madrid,2,1804
Hartford,Madrid,1,1794
Hartford,Madrid,2,1799
Litchfield,Madrid,2,1799
Middletown,Madrid,1,1794
Middletown,Madrid,1,1799
New London,Madrid,1,1799
New York City,Madrid,2,1794
New York City,Madrid,3,1799
New York City,Madrid,5,1804
Newburyport,Madrid,1,1804
"Norwich, CT",Madrid,2,1799
Philadelphia,Madrid,5,1794
Philadelphia,Madrid,15,1799
Philadelphia,Madrid,7,1804
"Portland, ME",Madrid,1,1804
"Portsmouth, NH",Madrid,1,1799
Providence,Madrid,1,1794
"Rutland, Vermont",Madrid,1,1804
Salem,Madrid,1,1794
"Windham, MA",Madrid,1,1804
"Windsor, VT",Madrid,1,1794
Boston,Manchester,1,1789
Litchfield,Manchester,1,1804
Middletown,Manchester,1,1789
New York City,Manchester,1,1789
Philadelphia,Manchester,2,1789
"Rutland, Vermont",Manchester,1,1804
"Albany, NY",Martinique,1,1804
Baltimore,Martinique,1,1779
Baltimore,Martinique,1,1784
Boston,Martinique,2,1779
Boston,Martinique,18,1784
Boston,Martinique,3,1799
"Burlington, Vermont",Martinique,3,1784
Carlisle,Martinique,1,1799
Charleston,Martinique,1,1794
Charleston,Martinique,1,1804
Hartford,Martinique,5,1784
Hartford,Martinique,2,1799
Litchfield,Martinique,1,1799
Middletown,Martinique,1,1799
New Haven,Martinique,2,1784
New Haven,Martinique,1,1789
New London,Martinique,2,1784
New York City,Martinique,1,1779
New York City,Martinique,8,1784
New York City,Martinique,1,1789
New York City,Martinique,2,1799
Newport,Martinique,4,1784
"Norwich, CT",Martinique,4,1784
"Norwich, CT",Martinique,1,1789
"Norwich, CT",Martinique,1,1799
Philadelphia,Martinique,4,1779
Philadelphia,Martinique,8,1784
Philadelphia,Martinique,1,1794
Philadelphia,Martinique,3,1799
"Portsmouth, NH",Martinique,2,1784
"Portsmouth, NH",Martinique,1,1799
Providence,Martinique,2,1784
Providence,Martinique,2,1789
Salem,Martinique,3,1784
Salem,Martinique,1,1789
"Albany, NY",Montreal,1,1804
Baltimore,Montreal,1,1794
New York City,Montreal,1,1794
Philadelphia,Montreal,1,1794
"Albany, NY",Natchez,7,1804
"Alexandria, VA",Natchez,2,1804
Baltimore,Natchez,4,1804
Bennington,Natchez,2,1804
"Burlington, Vermont",Natchez,1,1804
Carlisle,Natchez,1,1804
Charleston,Natchez,6,1804
District of Columbia,Natchez,1,1804
Easton,Natchez,1,1804
"Elizabethtown, NJ",Natchez,2,1804
Harrisburg,Natchez,3,1804
Hartford,Natchez,2,1804
New Bedford,Natchez,1,1804
New York City,Natchez,35,1804
Newburyport,Natchez,1,1804
Northampton,Natchez,1,1804
"Norwich, CT",Natchez,2,1804
"Otsego, NY",Natchez,1,1804
Philadelphia,Natchez,12,1804
"Pittsfield, MA",Natchez,1,1804
"Portland, ME",Natchez,1,1804
"Portsmouth, NH",Natchez,2,1804
"Rutland, Vermont",Natchez,4,1804
Salem,Natchez,2,1804
Springfield,Natchez,5,1804
Walpole,Natchez,1,1804
"Windham, MA",Natchez,2,1804
"Windsor, VT",Natchez,1,1804
Baltimore,New Brunswick,1,1804
"Burlington, Vermont",New Brunswick,1,1804
District of Columbia,New Brunswick,2,1804
Hartford,New Brunswick,1,1804
Keene,New Brunswick,1,1804
Litchfield,New Brunswick,1,1804
Middletown,New Brunswick,1,1804
New York City,New Brunswick,10,1804
Newburyport,New Brunswick,1,1804
Newport,New Brunswick,1,1804
"Norwich, CT",New Brunswick,1,1804
"Otsego, NY",New Brunswick,1,1804
Philadelphia,New Brunswick,3,1804
Salem,New Brunswick,1,1804
Walpole,New Brunswick,1,1804
"Windsor, VT",New Brunswick,3,1804
"Albany, NY",New Orleans,7,1804
Baltimore,New Orleans,1,1804
"Burlington, Vermont",New Orleans,1,1804
Charleston,New Orleans,5,1804
District of Columbia,New Orleans,2,1804
Dover,New Orleans,1,1804
"Elizabethtown, NJ",New Orleans,1,1804
"Greenfield, MA",New Orleans,1,1804
Hagerstown,New Orleans,1,1804
"Hanover, NH",New Orleans,1,1804
Harrisburg,New Orleans,1,1804
Hartford,New Orleans,1,1804
Keene,New Orleans,1,1804
Litchfield,New Orleans,1,1804
Middletown,New Orleans,1,1804
New Bedford,New Orleans,1,1804
New Haven,New Orleans,1,1804
New London,New Orleans,1,1804
New York City,New Orleans,27,1804
Newburyport,New Orleans,3,1804
Newport,New Orleans,1,1804
"Norwich, CT",New Orleans,2,1804
"Otsego, NY",New Orleans,1,1804
Peacham,New Orleans,1,1804
Philadelphia,New Orleans,7,1804
Providence,New Orleans,1,1804
"Richmond, VA",New Orleans,2,1804
"Rutland, Vermont",New Orleans,2,1804
"Windham, MA",New Orleans,1,1804
"Windsor, VT",New Orleans,1,1804
Dover,Niagara,1,1804
"Elizabethtown, NJ",Niagara,1,1804
"Hanover, NH",Niagara,1,1804
Harrisburg,Niagara,1,1804
New Bedford,Niagara,1,1804
New Haven,Niagara,1,1804
New York City,Niagara,3,1804
"Norwich, CT",Niagara,2,1804
Philadelphia,Niagara,2,1804
Providence,Niagara,1,1804
"Windham, MA",Niagara,1,1804
"Windsor, VT",Niagara,1,1804
"Alexandria, VA",Norfolk,1,1804
Baltimore,Norfolk,5,1789
Boston,Norfolk,2,1789
Boston,Norfolk,1,1804
Carlisle,Norfolk,1,1794
Charleston,Norfolk,2,1789
"Elizabethtown, NJ",Norfolk,2,1794
Middletown,Norfolk,1,1789
New London,Norfolk,2,1789
New York City,Norfolk,2,1789
New York City,Norfolk,2,1794
New York City,Norfolk,1,1804
Philadelphia,Norfolk,2,1789
Philadelphia,Norfolk,2,1794
Philadelphia,Norfolk,1,1804
Providence,Norfolk,3,1789
Salem,Norfolk,1,1789
New York City,Northumberland,1,1799
Philadelphia,Northumberland,1,1799
"Albany, NY",Ontario,2,1804
Carlisle,Ontario,1,1799
Charleston,Ontario,1,1804
"Elizabethtown, NJ",Ontario,1,1804
Hartford,Ontario,1,1804
New Haven,Ontario,1,1799
New York City,Ontario,1,1799
New York City,Ontario,7,1804
"Otsego, NY",Ontario,1,1804
Philadelphia,Ontario,1,1799
Philadelphia,Ontario,2,1804
Walpole,Ontario,1,1804
"Windham, MA",Ontario,1,1799
Boston,Oxford,8,1774
New Haven,Oxford,1,1774
New York City,Oxford,2,1774
New York City,Oxford,1,1794
Newport,Oxford,1,1774
"Portsmouth, NH",Oxford,2,1774
Salem,Oxford,2,1774
"Albany, NY",Paris,1,1794
"Albany, NY",Paris,9,1804
"Alexandria, VA",Paris,18,1804
"Augusta, Maine",Paris,2,1804
Baltimore,Paris,2,1784
Baltimore,Paris,1,1789
Baltimore,Paris,2,1794
Baltimore,Paris,11,1804
Bennington,Paris,1,1794
Bennington,Paris,4,1799
Bennington,Paris,1,1804
Boston,Paris,1,1759
Boston,Paris,2,1764
Boston,Paris,1,1779
Boston,Paris,11,1784
Boston,Paris,2,1789
Boston,Paris,10,1794
Boston,Paris,46,1799
Boston,Paris,25,1804
Bridgeport,Paris,5,1799
"Burlington, Vermont",Paris,4,1784
"Burlington, Vermont",Paris,1,1804
Carlisle,Paris,1,1789
Carlisle,Paris,2,1794
Carlisle,Paris,8,1799
Carlisle,Paris,10,1804
Charleston,Paris,1,1789
Charleston,Paris,13,1794
Charleston,Paris,22,1799
Charleston,Paris,54,1804
Concord,Paris,3,1799
Concord NH,Paris,3,1804
Dedham,Paris,5,1804
District of Columbia,Paris,25,1804
Dover,Paris,2,1804
Easton,Paris,2,1804
"Elizabethtown, NJ",Paris,2,1794
"Elizabethtown, NJ",Paris,9,1799
"Elizabethtown, NJ",Paris,11,1804
"Greenfield, MA",Paris,1,1804
Hagerstown,Paris,4,1804
"Hanover, NH",Paris,1,1804
Harrisburg,Paris,6,1804
Hartford,Paris,1,1784
Hartford,Paris,6,1794
Hartford,Paris,11,1799
Hartford,Paris,11,1804
Keene,Paris,7,1804
Litchfield,Paris,3,1794
Litchfield,Paris,13,1799
Litchfield,Paris,3,1804
Middletown,Paris,1,1789
Middletown,Paris,3,1794
Middletown,Paris,4,1799
Middletown,Paris,6,1804
New Bedford,Paris,5,1799
New Bedford,Paris,9,1804
New Haven,Paris,2,1794
New Haven,Paris,2,1799
New Haven,Paris,2,1804
New London,Paris,1,1784
New London,Paris,3,1794
New London,Paris,3,1799
New London,Paris,4,1804
New York City,Paris,2,1759
New York City,Paris,2,1784
New York City,Paris,2,1789
New York City,Paris,22,1794
New York City,Paris,87,1799
New York City,Paris,95,1804
Newburyport,Paris,14,1804
Newport,Paris,1,1769
Newport,Paris,1,1784
Newport,Paris,6,1799
Newport,Paris,4,1804
Northampton,Paris,2,1794
Northampton,Paris,2,1804
"Norwich, CT",Paris,1,1784
"Norwich, CT",Paris,3,1794
"Norwich, CT",Paris,2,1799
"Norwich, CT",Paris,5,1804
"Otsego, NY",Paris,6,1799
"Otsego, NY",Paris,4,1804
Peacham,Paris,1,1804
Philadelphia,Paris,1,1774
Philadelphia,Paris,1,1779
Philadelphia,Paris,18,1784
Philadelphia,Paris,1,1789
Philadelphia,Paris,39,1794
Philadelphia,Paris,145,1799
Philadelphia,Paris,57,1804
"Portland, ME",Paris,10,1799
"Portland, ME",Paris,7,1804
"Portsmouth, NH",Paris,1,1779
"Portsmouth, NH",Paris,2,1784
"Portsmouth, NH",Paris,2,1794
"Portsmouth, NH",Paris,19,1799
"Portsmouth, NH",Paris,3,1804
Providence,Paris,8,1799
Providence,Paris,3,1804
"Richmond, VA",Paris,1,1799
"Richmond, VA",Paris,5,1804
"Rutland, Vermont",Paris,5,1799
"Rutland, Vermont",Paris,6,1804
Salem,Paris,3,1784
Salem,Paris,1,1789
Salem,Paris,2,1794
Salem,Paris,14,1799
Salem,Paris,10,1804
Savannah,Paris,7,1799
Springfield,Paris,2,1804
"Stockbridge, MA",Paris,4,1794
Walpole,Paris,5,1804
"Windham, MA",Paris,10,1799
"Windham, MA",Paris,9,1804
"Windsor, VT",Paris,1,1789
"Windsor, VT",Paris,5,1794
"Windsor, VT",Paris,3,1799
"Windsor, VT",Paris,3,1804
Boston,Plymouth,2,1789
"Burlington, Vermont",Plymouth,2,1784
New York City,Plymouth,2,1789
Philadelphia,Plymouth,1,1789
"Windsor, VT",Plymouth,1,1789
Boston,Portsmouth England,3,1769
Boston,Portsmouth England,2,1774
Hartford,Portsmouth England,1,1769
"Alexandria, VA",Quebec,1,1804
Baltimore,Quebec,1,1794
Baltimore,Quebec,1,1804
Boston,Quebec,2,1769
Boston,Quebec,2,1789
Boston,Quebec,2,1794
Boston,Quebec,3,1799
"Burlington, Vermont",Quebec,1,1804
Carlisle,Quebec,1,1799
Charleston,Quebec,2,1794
Hartford,Quebec,1,1789
Hartford,Quebec,1,1804
Litchfield,Quebec,1,1789
Litchfield,Quebec,1,1794
Litchfield,Quebec,1,1799
Middletown,Quebec,2,1789
New Bedford,Quebec,1,1799
New Haven,Quebec,1,1794
New London,Quebec,1,1789
New York City,Quebec,1,1764
New York City,Quebec,2,1769
New York City,Quebec,1,1784
New York City,Quebec,2,1789
New York City,Quebec,2,1794
New York City,Quebec,2,1804
Newport,Quebec,1,1764
Newport,Quebec,1,1769
Northampton,Quebec,1,1794
"Otsego, NY",Quebec,1,1799
Philadelphia,Quebec,2,1789
Philadelphia,Quebec,16,1794
Philadelphia,Quebec,2,1799
Philadelphia,Quebec,1,1804
"Portsmouth, NH",Quebec,1,1769
"Portsmouth, NH",Quebec,1,1799
Providence,Quebec,3,1789
Providence,Quebec,1,1794
Salem,Quebec,1,1794
Salem,Quebec,1,1799
Salem,Quebec,1,1804
"Stockbridge, MA",Quebec,1,1794
"Windham, MA",Quebec,1,1804
"Windsor, VT",Quebec,4,1794
"Windsor, VT",Quebec,1,1799
"Worcester, MA",Quebec,1,1794
"Worcester, MA",Quebec,1,1799
Boston,Rastadt,1,1799
Charleston,Rastadt,1,1799
New Bedford,Rastadt,1,1799
New York City,Rastadt,1,1799
"Windham, MA",Rastadt,1,1799
Charleston,Rotterdam,1,1799
"Elizabethtown, NJ",Rotterdam,1,1804
Newburyport,Rotterdam,2,1804
Philadelphia,Rotterdam,1,1799
"Rutland, Vermont",Rotterdam,1,1804
Boston,Rouen,3,1799
Charleston,Rouen,1,1799
New Bedford,Rouen,1,1799
New London,Rouen,2,1799
New York City,Rouen,6,1799
Philadelphia,Rouen,4,1799
"Windham, MA",Rouen,1,1799
"Alexandria, VA",Saint Christophers,1,1804
Baltimore,Saint Christophers,2,1784
Baltimore,Saint Christophers,1,1794
Baltimore,Saint Christophers,1,1804
Bennington,Saint Christophers,1,1794
Bennington,Saint Christophers,1,1799
Boston,Saint Christophers,16,1759
Boston,Saint Christophers,2,1764
Boston,Saint Christophers,2,1774
Boston,Saint Christophers,2,1779
Boston,Saint Christophers,6,1784
Boston,Saint Christophers,1,1794
Boston,Saint Christophers,2,1799
"Burlington, Vermont",Saint Christophers,2,1784
Carlisle,Saint Christophers,1,1794
Carlisle,Saint Christophers,1,1799
Charleston,Saint Christophers,2,1794
"Elizabethtown, NJ",Saint Christophers,5,1794
"Elizabethtown, NJ",Saint Christophers,1,1799
Hartford,Saint Christophers,1,1769
Hartford,Saint Christophers,2,1784
Hartford,Saint Christophers,2,1799
Litchfield,Saint Christophers,1,1794
Middletown,Saint Christophers,1,1799
New Bedford,Saint Christophers,2,1799
New Haven,Saint Christophers,1,1774
New Haven,Saint Christophers,3,1784
New Haven,Saint Christophers,1,1794
New Haven,Saint Christophers,1,1799
New London,Saint Christophers,1,1769
New London,Saint Christophers,1,1784
New London,Saint Christophers,1,1804
New York City,Saint Christophers,9,1759
New York City,Saint Christophers,2,1764
New York City,Saint Christophers,4,1769
New York City,Saint Christophers,2,1779
New York City,Saint Christophers,10,1784
New York City,Saint Christophers,3,1794
New York City,Saint Christophers,3,1799
Newport,Saint Christophers,1,1784
"Norwich, CT",Saint Christophers,1,1779
"Norwich, CT",Saint Christophers,1,1784
"Norwich, CT",Saint Christophers,1,1799
Philadelphia,Saint Christophers,4,1759
Philadelphia,Saint Christophers,1,1774
Philadelphia,Saint Christophers,2,1779
Philadelphia,Saint Christophers,7,1784
Philadelphia,Saint Christophers,8,1794
Philadelphia,Saint Christophers,8,1799
"Portsmouth, NH",Saint Christophers,1,1759
"Portsmouth, NH",Saint Christophers,1,1774
Providence,Saint Christophers,1,1784
Providence,Saint Christophers,1,1799
"Rutland, Vermont",Saint Christophers,1,1799
Salem,Saint Christophers,1,1774
Salem,Saint Christophers,1,1784
Salem,Saint Christophers,1,1794
"Windham, MA",Saint Christophers,2,1799
"Albany, NY",Saint Croix,1,1794
Baltimore,Saint Croix,4,1784
Boston,Saint Croix,2,1774
Boston,Saint Croix,1,1779
Boston,Saint Croix,1,1784
Boston,Saint Croix,1,1794
Charleston,Saint Croix,1,1794
Hartford,Saint Croix,1,1774
Hartford,Saint Croix,2,1789
Litchfield,Saint Croix,2,1794
New York City,Saint Croix,1,1784
New York City,Saint Croix,2,1789
New York City,Saint Croix,2,1794
Northampton,Saint Croix,1,1794
"Norwich, CT",Saint Croix,1,1789
Philadelphia,Saint Croix,1,1784
Philadelphia,Saint Croix,1,1789
Philadelphia,Saint Croix,2,1794
Providence,Saint Croix,1,1784
Providence,Saint Croix,1,1789
Providence,Saint Croix,1,1794
"Stockbridge, MA",Saint Croix,1,1794
"Albany, NY",Saint Domingue,1,1804
"Alexandria, VA",Saint Domingue,2,1804
Baltimore,Saint Domingue,2,1794
Baltimore,Saint Domingue,1,1804
Boston,Saint Domingue,2,1794
Boston,Saint Domingue,4,1799
Carlisle,Saint Domingue,1,1799
Charleston,Saint Domingue,6,1794
Charleston,Saint Domingue,4,1804
District of Columbia,Saint Domingue,2,1804
Dover,Saint Domingue,2,1804
"Elizabethtown, NJ",Saint Domingue,1,1794
Hartford,Saint Domingue,2,1799
Hartford,Saint Domingue,1,1804
Litchfield,Saint Domingue,1,1799
Middletown,Saint Domingue,1,1804
New Bedford,Saint Domingue,1,1799
New Haven,Saint Domingue,1,1804
New London,Saint Domingue,1,1799
New London,Saint Domingue,1,1804
New York City,Saint Domingue,4,1794
New York City,Saint Domingue,4,1799
New York City,Saint Domingue,13,1804
Newburyport,Saint Domingue,1,1804
Newport,Saint Domingue,1,1799
"Norwich, CT",Saint Domingue,1,1804
Philadelphia,Saint Domingue,1,1789
Philadelphia,Saint Domingue,3,1799
Philadelphia,Saint Domingue,2,1804
"Portland, ME",Saint Domingue,2,1799
"Portsmouth, NH",Saint Domingue,1,1799
Salem,Saint Domingue,1,1799
"Windham, MA",Saint Domingue,1,1799
"Windsor, VT",Saint Domingue,1,1794
Baltimore,Saint Eustatius,2,1794
Charleston,Saint Eustatius,1,1794
Hartford,Saint Eustatius,2,1794
Middletown,Saint Eustatius,1,1794
New York City,Saint Eustatius,6,1794
Philadelphia,Saint Eustatius,1,1794
Providence,Saint Eustatius,1,1794
Concord,Saint John New Brunswick,1,1799
Hartford,Saint John New Brunswick,1,1799
Litchfield,Saint John New Brunswick,1,1799
New Haven,Saint John New Brunswick,1,1799
New York City,Saint John New Brunswick,1,1789
New York City,Saint John New Brunswick,3,1799
Philadelphia,Saint John New Brunswick,1,1789
Philadelphia,Saint John New Brunswick,1,1799
"Worcester, MA",Saint John New Brunswick,1,1799
Baltimore,Saint Lucia,1,1784
Boston,Saint Lucia,4,1784
"Burlington, Vermont",Saint Lucia,1,1784
New London,Saint Lucia,1,1784
New York City,Saint Lucia,5,1784
New York City,Saint Lucia,1,1794
Newport,Saint Lucia,1,1784
Providence,Saint Lucia,2,1784
Salem,Saint Lucia,1,1784
Charleston,Saint Vincent,2,1794
Middletown,Saint Vincent,1,1794
Philadelphia,Saint Vincent,1,1804
Boston,Salisbury,1,1759
Boston,Salisbury,1,1784
New York City,Sheffield,1,1794
Northampton,Sheffield,1,1794
Boston,Shelburne,2,1789
Hartford,Shelburne,1,1789
New York City,Shelburne,2,1789
Newport,Shelburne,1,1789
Philadelphia,Shelburne,1,1789
Carlisle,Strafford,1,1794
"Elizabethtown, NJ",Strafford,2,1794
Philadelphia,Strafford,1,1794
"Portsmouth, NH",Strafford,1,1794
Salem,Strafford,2,1794
Dedham,"Sussex, England",1,1804
New York City,"Sussex, England",3,1804
Boston,Tortola,1,1789
Philadelphia,Tortola,1,1789
Salem,Tortola,1,1789
"Windsor, VT",Tortola,1,1789
Baltimore,Trinidad,1,1804
Hartford,Trinidad,1,1804
New York City,Trinidad,2,1804
Philadelphia,Trinidad,1,1804
Charleston,Turin,1,1799
New York City,Turin,1,1799
Philadelphia,Turin,1,1799
"Portland, ME",Turin,2,1799
Boston,Tyrol,1,1799
Concord,Tyrol,1,1799
Hartford,Tyrol,1,1799
Litchfield,Tyrol,1,1799
Middletown,Tyrol,1,1799
New London,Tyrol,1,1799
"Albany, NY",Ulster,6,1804
"Alexandria, VA",Ulster,1,1804
Baltimore,Ulster,1,1804
Boston,Ulster,1,1789
Boston,Ulster,1,1804
District of Columbia,Ulster,1,1804
Keene,Ulster,1,1804
Litchfield,Ulster,1,1804
Middletown,Ulster,1,1804
New York City,Ulster,16,1804
Newburyport,Ulster,1,1804
Newport,Ulster,1,1804
Philadelphia,Ulster,1,1789
Philadelphia,Ulster,3,1804
Walpole,Ulster,1,1804
Bennington,Utrecht,1,1789
Boston,Utrecht,6,1759
Boston,Utrecht,3,1764
Boston,Utrecht,1,1784
Carlisle,Utrecht,1,1789
Charleston,Utrecht,1,1794
Litchfield,Utrecht,1,1789
New Haven,Utrecht,1,1784
New York City,Utrecht,5,1759
New York City,Utrecht,2,1764
New York City,Utrecht,3,1789
Newport,Utrecht,1,1789
"Norwich, CT",Utrecht,1,1789
Philadelphia,Utrecht,5,1759
"Portsmouth, NH",Utrecht,1,1759
"Portsmouth, NH",Utrecht,1,1764
"Portsmouth, NH",Utrecht,1,1789
Salem,Utrecht,1,1784
Salem,Utrecht,1,1789
"Albany, NY",Vienna,1,1804
"Alexandria, VA",Vienna,5,1804
Baltimore,Vienna,3,1804
Bennington,Vienna,1,1789
Bennington,Vienna,3,1799
Boston,Vienna,1,1789
Boston,Vienna,19,1799
Boston,Vienna,2,1804
Carlisle,Vienna,2,1804
Charleston,Vienna,6,1799
Charleston,Vienna,2,1804
Concord,Vienna,2,1799
District of Columbia,Vienna,2,1804
"Elizabethtown, NJ",Vienna,3,1799
"Elizabethtown, NJ",Vienna,1,1804
"Greenfield, MA",Vienna,1,1804
"Hanover, NH",Vienna,1,1804
Harrisburg,Vienna,1,1804
Hartford,Vienna,1,1789
Hartford,Vienna,5,1799
Hartford,Vienna,2,1804
Keene,Vienna,1,1804
Litchfield,Vienna,6,1799
Litchfield,Vienna,1,1804
Middletown,Vienna,1,1799
Middletown,Vienna,1,1804
New Haven,Vienna,1,1789
New Haven,Vienna,1,1799
New Haven,Vienna,1,1804
New London,Vienna,1,1789
New London,Vienna,1,1799
New York City,Vienna,1,1764
New York City,Vienna,2,1789
New York City,Vienna,14,1799
New York City,Vienna,6,1804
Newport,Vienna,1,1799
Newport,Vienna,1,1804
Northampton,Vienna,2,1804
"Norwich, CT",Vienna,5,1799
"Otsego, NY",Vienna,3,1799
"Otsego, NY",Vienna,1,1804
Philadelphia,Vienna,3,1789
Philadelphia,Vienna,33,1799
Philadelphia,Vienna,7,1804
"Pittsfield, MA",Vienna,1,1804
"Portland, ME",Vienna,3,1804
"Portsmouth, NH",Vienna,7,1799
"Portsmouth, NH",Vienna,1,1804
Providence,Vienna,2,1799
"Rutland, Vermont",Vienna,3,1799
Salem,Vienna,2,1799
Salem,Vienna,1,1804
Savannah,Vienna,1,1799
Springfield,Vienna,1,1804
Walpole,Vienna,2,1804
"Windham, MA",Vienna,2,1799
"Windsor, VT",Vienna,3,1799
"Worcester, MA",Vienna,1,1799
Philadelphia,Westmoreland,1,1794
Hartford,Wexford,1,1799
"Windham, MA",Wexford,2,1799
Boston,York,1,1774
Hartford,York,1,1769
New York City,Zweibrucken,1,1789
Philadelphia,Zweibrucken,1,1789
Salem,Zweibrucken,1,1789